day,nuff_readm
0,0.007993017
1,0.02374476
2,0.035083789
3,0.044441097
4,0.05246739
5,0.059618341
6,0.066271946
7,0.072689369
8,0.077984352
9,0.082736642
10,0.087212337
11,0.091444083
12,0.095507247
13,0.099446338
14,0.103359291